depth,perft_avg_s,perft_std_s,alpha_beta_avg_s,alpha_beta_std_s,stockfish_avg_s,stockfish_std_s
1,0.000099,0.000028,0.000250,0.000020,0.000290,0.000052
2,0.001060,0.000611,0.000766,0.001459,0.000317,0.000062
3,0.018565,0.014505,0.003740,0.002584,0.000383,0.000111
4,0.222200,0.268882,0.040732,0.051354,0.000493,0.000246
