depth,perft_avg_s,perft_std_s,alpha_beta_avg_s,alpha_beta_std_s,alpha_beta_avg_nodes,alpha_beta_std_nodes,stockfish_avg_s,stockfish_std_s,stockfish_avg_nodes,stockfish_std_nodes
1,0.000003,0.000002,0.000270,0.000024,37.6,10.0,0.000418,0.000059,481.6,346.6
2,0.000044,0.000015,0.000696,0.001371,152.7,63.9,0.000440,0.000063,942.2,400.8
3,0.001351,0.000524,0.001699,0.000948,1710.0,894.2,0.000489,0.000090,1220.4,478.7
4,0.052633,0.026266,0.007123,0.005315,6684.3,4455.7,0.000532,0.000172,1978.8,1156.5
