depth,perft_avg_s,perft_std_s,alpha_beta_avg_s,alpha_beta_std_s,alpha_beta_avg_nodes,alpha_beta_std_nodes,stockfish_avg_s,stockfish_std_s,stockfish_avg_nodes,stockfish_std_nodes
1,0.000004,0.000002,0.000250,0.000022,37.6,10.0,0.000423,0.000062,476.8,322.1
2,0.000046,0.000015,0.000760,0.001361,522.2,303.4,0.000443,0.000067,934.1,410.2
3,0.001355,0.000533,0.004027,0.002723,9942.5,8000.4,0.000480,0.000077,1426.0,544.5
4,0.051178,0.024139,0.028389,0.030152,122050.6,147647.5,0.000558,0.000227,2042.3,1473.9
