depth,perft_avg_s,perft_std_s,alpha_beta_avg_s,alpha_beta_std_s,alpha_beta_avg_nodes,alpha_beta_std_nodes,stockfish_avg_s,stockfish_std_s,stockfish_avg_nodes,stockfish_std_nodes
1,0.000004,0.000001,0.000246,0.000039,37.6,10.0,0.000417,0.000064,470.9,356.5
2,0.000041,0.000013,0.000694,0.001300,152.7,63.9,0.000444,0.000074,931.1,417.3
3,0.001350,0.000532,0.001747,0.001033,1710.0,894.2,0.000470,0.000211,1316.3,1802.6
4,0.055558,0.027155,0.006733,0.004793,6684.3,4455.7,0.000519,0.000114,2064.6,1032.6
