depth,perft_avg_s,perft_std_s,alpha_beta_avg_s,alpha_beta_std_s,alpha_beta_avg_nodes,alpha_beta_std_nodes,stockfish_avg_s,stockfish_std_s,stockfish_avg_nodes,stockfish_std_nodes
1,0.000004,0.000002,0.000253,0.000027,37.6,10.0,0.000289,0.000047,75.9,61.6
2,0.000040,0.000012,0.000758,0.001316,522.2,303.4,0.000333,0.000069,131.8,76.7
3,0.001351,0.000534,0.004736,0.005244,9942.5,8000.4,0.000370,0.000099,196.5,120.0
4,0.051340,0.024061,0.030265,0.033122,122050.6,147647.5,0.000430,0.000141,305.7,222.8
