depth,perft_avg_s,perft_std_s,alpha_beta_avg_s,alpha_beta_std_s,alpha_beta_avg_nodes,alpha_beta_std_nodes,stockfish_avg_s,stockfish_std_s,stockfish_avg_nodes,stockfish_std_nodes
1,0.000003,0.000002,0.000230,0.000042,24.3,10.3,0.000378,0.000063,347.9,334.0
2,0.000021,0.000013,0.000506,0.000151,107.7,74.9,0.000402,0.000112,754.5,704.3
3,0.000478,0.000428,0.001121,0.000971,727.3,525.8,0.000534,0.001117,2571.3,14957.4
4,0.014495,0.015904,0.003801,0.005605,3114.4,2768.1,0.000524,0.000383,2336.8,5771.2
