depth,perft_avg_s,perft_std_s,alpha_beta_avg_s,alpha_beta_std_s,stockfish_avg_s,stockfish_std_s
1,0.000053,0.000024,0.000226,0.000021,0.000260,0.000046
2,0.000415,0.000339,0.000538,0.000149,0.000291,0.000057
3,0.007298,0.010093,0.002298,0.002182,0.000321,0.000068
4,0.071256,0.135897,0.008353,0.011847,0.000398,0.000114
