depth,perft_avg_s,perft_std_s,alpha_beta_avg_s,alpha_beta_std_s,alpha_beta_avg_nodes,alpha_beta_std_nodes,stockfish_avg_s,stockfish_std_s,stockfish_avg_nodes,stockfish_std_nodes
1,0.000003,0.000002,0.000236,0.000025,24.3,10.3,0.000272,0.000055,64.0,58.3
2,0.000020,0.000013,0.000530,0.000144,249.7,188.1,0.000297,0.000055,108.3,70.7
3,0.000485,0.000429,0.002068,0.001696,4200.1,4608.2,0.000362,0.000078,169.0,103.7
4,0.014312,0.015737,0.008711,0.011904,44983.0,80685.1,0.000401,0.000116,292.2,201.4
