depth,perft_avg_s,perft_std_s,perft_avg_nodes,perft_std_nodes,alpha_beta_avg_s,alpha_beta_std_s,alpha_beta_avg_nodes,alpha_beta_std_nodes,stockfish_avg_s,stockfish_std_s,stockfish_avg_nodes,stockfish_std_nodes
1,0.000002,0.000002,23.3,10.3,0.000349,0.001248,24.3,10.3,0.001054,0.003983,673.5,2322.1
2,0.000022,0.000014,645.3,443.2,0.000578,0.000191,109.9,76.1,0.000459,0.000088,752.5,534.1
3,0.000502,0.000442,17580.0,16143.8,0.001130,0.000609,728.6,525.3,0.000594,0.000168,744.8,635.7
4,0.013955,0.017137,554788.4,621317.5,0.003095,0.002618,3112.3,2767.9,0.000478,0.000128,1842.4,1205.4
5,,,,,0.010233,0.013806,17321.9,18066.5,0.000532,0.000137,2660.9,1466.8
