depth,perft_avg_s,perft_std_s,alpha_beta_avg_s,alpha_beta_std_s,alpha_beta_avg_nodes,alpha_beta_std_nodes,stockfish_avg_s,stockfish_std_s,stockfish_avg_nodes,stockfish_std_nodes
1,0.000003,0.000002,0.000237,0.000021,24.3,10.3,0.000387,0.000084,406.2,640.7
2,0.000021,0.000013,0.000541,0.000152,249.7,188.1,0.000432,0.000202,838.6,1607.8
3,0.000473,0.000415,0.001973,0.001635,4200.1,4608.2,0.000508,0.000167,1211.1,1495.2
4,0.014505,0.015890,0.009283,0.013677,44983.0,80685.1,0.000497,0.000191,1896.8,1142.6
