depth,perft_avg_s,perft_std_s,alpha_beta_avg_s,alpha_beta_std_s,stockfish_avg_s,stockfish_std_s
1,0.000575,0.004694,0.000771,0.004794,0.000330,0.000336
2,0.001135,0.000652,0.000704,0.000377,0.000345,0.000074
3,0.019288,0.015483,0.003069,0.002808,0.000370,0.000077
4,0.232168,0.251020,0.029765,0.049180,0.000417,0.000145
