depth,perft_avg_s,perft_std_s,alpha_beta_avg_s,alpha_beta_std_s,alpha_beta_avg_nodes,alpha_beta_std_nodes,stockfish_avg_s,stockfish_std_s,stockfish_avg_nodes,stockfish_std_nodes
1,0.000005,0.000015,0.000781,0.005070,38.8,8.3,0.000452,0.000201,449.9,203.5
2,0.000045,0.000014,0.001409,0.004702,511.2,290.2,0.000550,0.000356,873.5,542.9
3,0.001336,0.000480,0.003072,0.002774,8914.2,7600.3,0.000475,0.000069,1377.8,480.5
4,0.049561,0.022802,0.022824,0.029664,114650.1,122816.2,0.000564,0.000250,2388.4,4071.9
