depth,perft_avg_s,perft_std_s,alpha_beta_avg_s,alpha_beta_std_s,alpha_beta_avg_nodes,alpha_beta_std_nodes,stockfish_avg_s,stockfish_std_s,stockfish_avg_nodes,stockfish_std_nodes
1,0.000015,0.000092,0.000858,0.005927,38.8,8.3,0.000446,0.000203,512.6,730.8
2,0.000123,0.000586,0.000860,0.001008,143.3,51.3,0.000632,0.000239,590.9,392.6
3,0.001342,0.000474,0.001617,0.001159,1626.8,613.1,0.000469,0.000071,1393.0,515.0
4,0.049377,0.022199,0.006443,0.006737,6244.6,2987.8,0.000534,0.000117,2002.8,1032.1
