depth,perft_avg_s,perft_std_s,alpha_beta_avg_s,alpha_beta_std_s,alpha_beta_avg_nodes,alpha_beta_std_nodes,stockfish_avg_s,stockfish_std_s,stockfish_avg_nodes,stockfish_std_nodes
1,0.000005,0.000015,0.000842,0.005076,38.8,8.3,0.000299,0.000078,72.1,33.8
2,0.000041,0.000011,0.000691,0.000359,511.2,290.2,0.000542,0.000170,126.4,57.4
3,0.002087,0.000786,0.003642,0.005105,8914.2,7600.3,0.000377,0.000091,183.5,93.4
4,0.048897,0.021876,0.022445,0.034952,114650.1,122816.2,0.000413,0.000137,286.0,219.6
